"121345",
"1793",
"2561",
"3329",
"401153",
"5633",
"6401",
"3861249",
"4451329",
"136407044",
"3350017",
"2079745",
"375553",
"2760193",
"3456257",
"20993",
"25601",
"325121",
"30977",
"2524673",
"37889",
"40193",
"41729",
"2753281",
"49409",
"1376769",
"54273",
"60417",
"1436161",
"425729",
"67329",
"70401",
"71169",
"3611137",
"1510401",
"4267265",
"3848705",
"4268801",
"78849",
"78081",
"81153",
"85761",
"87297",
"3553281",
"1195009",
"2928385",
"1214721",
"94209",
"94977",
"98049",
"101121",
"3888385",
"108033",
"2714625",
"112129",
"2911489",
"558337",
"134657",
"140033",
"2029825",
"3580417",
"2763265",
"320001",
"3905025",
"3406081",
"160001",
"160769",
"524545",
"177665",
"5215745",
"2858241",
"3876097",
"189185",
"4558337",
"194561",
"486657",
"197633",
"4577537",
"4639745",
"3851265",
"215553",
"2916865",
"3721473",
"2800641",
"3771393",
"225537",
"232961",
"1256193",
"245249",
"3016193",
"173057",
"261889",
"3735553",
"1207553",
"3504129",
"3526657",
"403457",
"295169",
"1895937",
"3463169",
"2796801",
"4576001",
"3693569",
"3039233",
"315393",
"821761",
"3378433",
"329985",
"2513665",
"1850625",
"340481",
"341249",
"3789569",
"345089",
"2747905",
"348929",
"4592385",
"359937",
"356865",
"364545",
"370689",
"3699201",
"7712001",
"1270529",
"377857",
"3677697",
"3060993",
"381697",
"2883073",
"387073",
"387841",
"2865921",
"1346049",
"7458561",
"408065",
"2393089",
"415745",
"3920129",
"424961",
"2997505",
"1723649",
"2661633",
"3397121",
"3695361",
"2933761",
"3011329",
"4574465",
"3001089",
"4632577",
"7670273",
"3877377",
"470529",
"3394561",
"492033",
"1790465",
"3832833",
"6386689",
"511233",
"416513",
"2817537",
"5738241",
"2939649",
"2672641",
"519937",
"3400961",
"1041153",
"2815745",
"2674433",
"3057409",
"3040257",
"3675137",
"1076225",
"1152769",
"582913",
"584449",
"3520257",
"593665",
"4454401",
"2707457",
"3924993",
"2748929",
"4464129",
"633601",
"636673",
"3689729",
"617473",
"2905857",
"3660545",
"681985",
"2730497",
"1793793",
"3834113",
"2906881",
"3375873",
"3930881",
"737793",
"738561",
"141569",
"747009",
"3906305",
"758529",
"779521",
"806401",
"1492737",
"1239809",
"1522689",
"837889",
"1102337",
"1887745",
"857857",
"3431425",
"3076609",
"1837825",
"871681",
"185345",
"952577",
"878593",
"884737",
"4343041",
"877057",
"895745",
"2953217",
"3465729",
"897537",
"900609",
"3529217",
"907777",
"2292225",
"908545",
"3637249",
"2170625",
"4278529",
"2873089",
"2952193",
"2752769",
"920065",
"2889473",
"784129",
"961793",
"3932673",
"937985",
"951809",
"2880769",
"969473",
"1921537",
"768513",
"3050241",
"975873"
